,Distinct Skills,source
0,,coursera
1,General Medical Tests and Procedures,coursera
2,Interaction Design,coursera
3,Mortgage Loans,coursera
4,Cooking,coursera
5,Compensation and Benefits,coursera
6,Probability,coursera
7,Stored Procedure,coursera
8,Liquidation,coursera
9,Content Creation,coursera
10,Software Design Documents,coursera
11,Workforce Management,coursera
12,Clinical Research,coursera
13,Data Validation,coursera
14,Scope Management,coursera
15,Deep Learning,coursera
16,Technical Support,coursera
17,Hardware Troubleshooting,coursera
18,Architectural Engineering,coursera
19,and Compliance,coursera
20,Influencing,coursera
21,Property Management,coursera
22,Motivational Skills,coursera
23,Kinesiology,coursera
24,Computational Thinking,coursera
25,Cascading Style Sheets (CSS),coursera
26,Microsoft Excel,coursera
27,Statistical Modeling,coursera
28,Virtual Environment,coursera
29,Creative Problem-Solving,coursera
30,Business Risk Management,coursera
31,Inventory and Warehousing,coursera
32,Upselling,coursera
33,Promotional Strategies,coursera
34,Customer Relationship Management,coursera
35,Billing,coursera
36,Delegation Skills,coursera
37,Interoperability,coursera
38,Administrative Support and Clerical Tasks,coursera
39,Business Research,coursera
40,Pharmacy,coursera
41,Technical Consulting,coursera
42,Open Web Application Security Project (OWASP),coursera
43,Amazon S3,coursera
44,Graphing,coursera
45,Cash Flows,coursera
46,Computer Security Incident Management,coursera
47,Financial Trading,coursera
48,Public Speaking,coursera
49,Multi-Factor Authentication,coursera
50,Banking Services,coursera
51,Mathematical Software,coursera
52,Operational Risk,coursera
53,Artificial Intelligence,coursera
54,Kaizen Methodology,coursera
55,Statistical Reporting,coursera
56,Social Media,coursera
57,Simulations,coursera
58,Corporate Accounting,coursera
59,Project Implementation,coursera
60,Maintainability,coursera
61,Application Programming Interface (API),coursera
62,Investigation,coursera
63,Electronic Components,coursera
64,Accounts Receivable,coursera
65,Governance,coursera
66,Clinical Nursing,coursera
67,Electronic Media,coursera
68,Recruitment,coursera
69,As-Built Drawings,coursera
70,Taxonomy,coursera
71,Microarchitecture,coursera
72,Psychotherapy,coursera
73,Vulnerability Assessments,coursera
74,Business Development,coursera
75,Service Level Agreement,coursera
76,Cryptographic Protocols,coursera
77,Sales,coursera
78,Graphical Tools,coursera
79,Lightweight Directory Access Protocols,coursera
80,Payroll Tax,coursera
81,Feasibility Studies,coursera
82,Conceptual Design,coursera
83,Six Sigma Methodology,coursera
84,Media Planning,coursera
85,Business Planning,coursera
86,Differentiated Instruction,coursera
87,Data Infrastructure,coursera
88,Scheduling,coursera
89,Test Tools,coursera
90,ISO 9000 Series,coursera
91,Microsoft Teams,coursera
92,Supplier Quality Management,coursera
93,Sustainability Reporting,coursera
94,Finance,coursera
95,Three-Phase,coursera
96,Data Strategy,coursera
97,Search Engine Marketing,coursera
98,Telephone Skills,coursera
99,Psychology,coursera
100,Constructive Feedback,coursera
101,Quality Monitoring,coursera
102,Business Reporting,coursera
103,Usability,coursera
104,Core Data (Software),coursera
105,Workforce Planning,coursera
106,Accounting Records,coursera
107,Git (Version Control System),coursera
108,Development Testing,coursera
109,Text Mining,coursera
110,Prospecting and Qualification,coursera
111,Operational Excellence,coursera
112,General Data Protection Regulation (GDPR),coursera
113,Human Resource Policies,coursera
114,Torque (Physics),coursera
115,C and C++,coursera
116,Plot (Graphics),coursera
117,Quality Control,coursera
118,Peer Review,coursera
119,User Interface (UI),coursera
120,Descriptive Statistics,coursera
121,Selling Techniques,coursera
122,Lean Methodologies,coursera
123,Market Analysis,coursera
124,Applied Machine Learning,coursera
125,Solution Selling,coursera
126,Accountability,coursera
127,Hydraulics,coursera
128,Composure,coursera
129,Remote Access Systems,coursera
130,Ajax,coursera
131,Cloud Engineering,coursera
132,Fire And Life Safety,coursera
133,OpenShift,coursera
134,Certified Public Accountant,coursera
135,Bookkeeping,coursera
136,Order Management,coursera
137,System Design and Implementation,coursera
138,Color Theory,coursera
139,Payroll Processing,coursera
140,Requirements Elicitation,coursera
141,YAML,coursera
142,Data Ethics,coursera
143,Expectation Management,coursera
144,Benefits Enrollment Processes,coursera
145,Software Development Tools,coursera
146,Financial Data,coursera
147,Team Motivation,coursera
148,Translation,coursera
149,Bootstrap (Front-End Framework),coursera
150,Gherkin (Scripting Language),coursera
151,Statistical Visualization,coursera
152,Derivatives,coursera
153,Process Analysis,coursera
154,Inventory Control,coursera
155,Digital Transformation,coursera
156,User Research,coursera
157,Blood Pressure,coursera
158,Unit Testing,coursera
159,Life Support,coursera
160,Bioinformatics,coursera
161,Web Analytics and SEO,coursera
162,Social Media Management,coursera
163,Project Closure,coursera
164,Intrusion Detection and Prevention,coursera
165,Code Review,coursera
166,Growth Mindedness,coursera
167,Payroll Administration,coursera
168,Patient Education and Support,coursera
169,Adobe Creative Cloud,coursera
170,Multi-Cloud,coursera
171,Database Application,coursera
172,Service Design,coursera
173,Manufacturing and Production,coursera
174,Advertising,coursera
175,Endpoint Security,coursera
176,Diversity Equity and Inclusion Initiatives,coursera
177,Stakeholder Management,coursera
178,Epidemiology,coursera
179,Social Media Marketing,coursera
180,jQuery,coursera
181,Inventory Control Systems,coursera
182,Payment Processing,coursera
183,Cultural Responsiveness,coursera
184,Cost Management,coursera
185,Customer Analysis,coursera
186,Apache Hive,coursera
187,Lean Manufacturing,coursera
188,Quality Assurance and Control,coursera
189,File Systems,coursera
190,IT Management,coursera
191,Data Migration,coursera
192,UI/UX Research,coursera
193,Sales Presentations,coursera
194,Marketing Channel,coursera
195,Accounting,coursera
196,Case Management,coursera
197,Geospatial Mapping,coursera
198,Business Priorities,coursera
199,Decision Support Systems,coursera
200,Business Process Improvement,coursera
201,Continuous Delivery,coursera
202,Market Trend,coursera
203,Network Monitoring,coursera
204,Rmarkdown,coursera
205,Cost Accounting,coursera
206,Quality Assessment,coursera
207,Business Process Automation,coursera
208,Human Resources Software,coursera
209,Product Engineering,coursera
210,Test Planning,coursera
211,Proactivity,coursera
212,Power Electronics,coursera
213,Performance Metric,coursera
214,Lending and Underwriting,coursera
215,Application Lifecycle Management,coursera
216,Infection Control,coursera
217,Wireframing,coursera
218,Brainstorming,coursera
219,Continuous Deployment,coursera
220,Customer Data Management,coursera
221,Diplomacy,coursera
222,Change Management,coursera
223,Mobile Development Tools,coursera
224,Training and Development,coursera
225,Project Management Institute (PMI) Methodology,coursera
226,Cloud Platforms,coursera
227,Conflict Management,coursera
228,Control Panels,coursera
229,Security Management,coursera
230,Product Marketing,coursera
231,Public Key Infrastructure,coursera
232,Reliability,coursera
233,Data Cleansing,coursera
234,Consolidation,coursera
235,Economics,coursera
236,Cardiopulmonary Resuscitation (CPR),coursera
237,Business Analytics,coursera
238,Business Communication,coursera
239,Physics,coursera
240,Data Engineering,coursera
241,Continuous Improvement Process,coursera
242,Transportation Management,coursera
243,Amazon Redshift,coursera
244,Blockchain,coursera
245,Process Flow Diagrams,coursera
246,Microsoft Azure,coursera
247,Care Coordination,coursera
248,Civil and Architectural Engineering,coursera
249,Integrated Marketing Communications,coursera
250,Business Intelligence,coursera
251,Grant Writing,coursera
252,Human Capital,coursera
253,Project Documentation,coursera
254,Django (Web Framework),coursera
255,Accounting Software,coursera
256,Public Relations,coursera
257,Live Streaming,coursera
258,Web Development,coursera
259,Digital Content,coursera
260,Swift Programming,coursera
261,Home Health Care,coursera
262,Proposal Writing,coursera
263,Cash Flow Forecasting,coursera
264,Data Visualization,coursera
265,Software Visualization,coursera
266,New Product Development,coursera
267,DevSecOps,coursera
268,Parent Communication,coursera
269,Solution Design,coursera
270,General Medicine,coursera
271,Business Logic,coursera
272,Scenario Testing,coursera
273,Environmental Resource Management,coursera
274,Design Research,coursera
275,Data Integration,coursera
276,Expense Management,coursera
277,Information Management,coursera
278,Coordinating,coursera
279,Content Management Systems,coursera
280,Variance Analysis,coursera
281,Angular,coursera
282,Pandas (Python Package),coursera
283,Application Frameworks,coursera
284,Financial Statement Analysis,coursera
285,Microsoft Outlook,coursera
286,Pediatrics,coursera
287,Full Cycle Recruitment,coursera
288,Classification And Regression Tree (CART),coursera
289,Insurance,coursera
290,Leadership and Management,coursera
291,Physical Therapy,coursera
292,Public Policies,coursera
293,Inventory Management,coursera
294,Instructional Strategies,coursera
295,Group Therapy,coursera
296,Decision Making,coursera
297,Cold Calling,coursera
298,Activities of Daily Living (ADLs),coursera
299,Dataflow,coursera
300,General Finance,coursera
301,Microsoft PowerPoint,coursera
302,Community Mental Health Services,coursera
303,Retail Banking,coursera
304,ASP.NET,coursera
305,and Social Studies,coursera
306,Project Risk Management,coursera
307,Data Import/Export,coursera
308,Systems Thinking,coursera
309,Accounting Systems,coursera
310,Technical Documentation,coursera
311,Cloud Computing Architecture,coursera
312,Terraform,coursera
313,Marketing Psychology,coursera
314,Radiology,coursera
315,Student-Centred Learning,coursera
316,Human Resource Management,coursera
317,Underwriting,coursera
318,Interactive Data Visualization,coursera
319,Serverless Computing,coursera
320,Usability Testing,coursera
321,Cloud Infrastructure,coursera
322,Adaptability,coursera
323,Feature Engineering,coursera
324,Version Control,coursera
325,Gmail,coursera
326,Technical Standard,coursera
327,Embedded Systems,coursera
328,Physical Science,coursera
329,Research Design,coursera
330,Biostatistics,coursera
331,Systems Design,coursera
332,Respiration,coursera
333,Networking Hardware,coursera
334,Software Architecture,coursera
335,Community Outreach,coursera
336,Business Consulting,coursera
337,Crisis Management,coursera
338,Vulnerability,coursera
339,Financial Services,coursera
340,Workflow Management,coursera
341,Logistics Management,coursera
342,PHP (Scripting Language),coursera
343,Data Store,coursera
344,Data Sharing,coursera
345,Virtualization,coursera
346,Process Capability,coursera
347,Business Software,coursera
348,Virtualization and Virtual Machines,coursera
349,Cryptography,coursera
350,Lead Generation,coursera
351,Mac OS,coursera
352,Water Resources,coursera
353,Mathematics and Mathematical Modeling,coursera
354,Human Services,coursera
355,Behavior-Driven Development,coursera
356,Technical Product Management,coursera
357,Investments,coursera
358,Customer Success Management,coursera
359,Research,coursera
360,Environment,coursera
361,Management Consulting,coursera
362,Issue Tracking,coursera
363,Transaction Processing,coursera
364,Cyber Attacks,coursera
365,Emergency Departments,coursera
366,Professional Development,coursera
367,Culture,coursera
368,Cross-Functional Team Leadership,coursera
369,Productivity Software,coursera
370,Process Development,coursera
371,Computer Programming,coursera
372,Adobe Acrobat,coursera
373,Revenue Recognition,coursera
374,Mobile Development,coursera
375,Financial Controls,coursera
376,Statistics,coursera
377,Content Management,coursera
378,Software Design Patterns,coursera
379,Sales Pipelines,coursera
380,Request For Quotation (RFQ),coursera
381,Record Keeping,coursera
382,Compliance Training,coursera
383,Ethical Standards And Conduct,coursera
384,Journals,coursera
385,Endpoint Detection and Response,coursera
386,Other Programming Languages,coursera
387,Behavior Management,coursera
388,Software Versioning,coursera
389,Commercial Real Estate,coursera
390,Continuous Quality Improvement (CQI),coursera
391,Digital Design,coursera
392,Linux Commands,coursera
393,Supervised Learning,coursera
394,Marketing Effectiveness,coursera
395,People Analytics,coursera
396,Integration Testing,coursera
397,Sociology,coursera
398,Analytical Skills,coursera
399,Health Care,coursera
400,Taking Meeting Minutes,coursera
401,and Service Knowledge,coursera
402,Emergency Response,coursera
403,Consultative Approaches,coursera
404,Firewall,coursera
405,Data Storage Technologies,coursera
406,Organizational Development,coursera
407,Regulation,coursera
408,Contract Review,coursera
409,Payroll Systems,coursera
410,Community and Social Work,coursera
411,Infrastructure as Code (IaC),coursera
412,Root Cause Analysis,coursera
413,Consumer Behaviour,coursera
414,Business Continuity,coursera
415,Inventory Management System,coursera
416,Psychiatry,coursera
417,Vocabulary,coursera
418,Business,coursera
419,MarTech,coursera
420,Brand Loyalty,coursera
421,System Software,coursera
422,Process Management,coursera
423,Web Analytics,coursera
424,Nursing Administration,coursera
425,Internal Communications,coursera
426,Revenue Cycle Management,coursera
427,DevOps,coursera
428,Scikit Learn (Machine Learning Library),coursera
429,Web Design,coursera
430,Storyboarding,coursera
431,Customer Relationship Building,coursera
432,Site Reliability Engineering,coursera
433,Network Administration,coursera
434,Secure Coding,coursera
435,Artificial Intelligence and Machine Learning (AI/ML),coursera
436,Compensation Management,coursera
437,Design Strategies,coursera
438,Failure Mode And Effects Analysis,coursera
439,Language Interpretation,coursera
440,Augmented Reality,coursera
441,Javascript,coursera
442,Adjudication,coursera
443,Loans,coursera
444,Docker (Software),coursera
445,Computer Programming Tools,coursera
446,Warehouse Operations,coursera
447,Data Lakes,coursera
448,Information Systems Security,coursera
449,Corporate Strategy,coursera
450,Contract Management,coursera
451,Classroom Management,coursera
452,Standard Operating Procedure,coursera
453,React Native,coursera
454,HubSpot CRM,coursera
455,B2B Sales,coursera
456,Political Sciences,coursera
457,Mental and Behavioral Health Specialties,coursera
458,Hospitality Management,coursera
459,Sales Strategy,coursera
460,Quality Improvement,coursera
461,Functional Design,coursera
462,A/B Testing,coursera
463,Corporate Tax,coursera
464,Maintenance,coursera
465,Geometry,coursera
466,Interactive Design,coursera
467,Report Writing,coursera
468,Account Management,coursera
469,Waterfall Methodology,coursera
470,IT Infrastructure,coursera
471,Advertising Mail,coursera
472,System Configuration,coursera
473,Peripheral Devices,coursera
474,Network Infrastructure,coursera
475,Procedure Development,coursera
476,Numerical Analysis,coursera
477,Organizational Skills,coursera
478,Manufacturing Processes,coursera
479,Cloud Solutions,coursera
480,Cyber Risk,coursera
481,Agile Software Development,coursera
482,Medical Office Procedures,coursera
483,MITRE ATT&CK Framework,coursera
484,Computer Architecture,coursera
485,Engineering Calculations,coursera
486,Business Technologies,coursera
487,Due Diligence,coursera
488,Cash Management,coursera
489,Virtual Teams,coursera
490,Self Service Technologies,coursera
491,Engineering Analysis,coursera
492,Supplier Relationship Management,coursera
493,Preventative Care,coursera
494,Income Tax,coursera
495,Security Engineering,coursera
496,Pseudocode,coursera
497,Web Applications,coursera
498,Research Methodologies,coursera
499,Infrastructure Security,coursera
500,Compliance Management,coursera
501,AWS Identity and Access Management (IAM),coursera
502,Threat Management,coursera
503,Server Side,coursera
504,Electronic Hardware,coursera
505,NIST 800-53,coursera
506,Performance Analysis,coursera
507,Hybrid Cloud Computing,coursera
508,Database Systems,coursera
509,Curriculum Development,coursera
510,Robotic Process Automation,coursera
511,Node.JS,coursera
512,Family Therapy,coursera
513,Instructional Design,coursera
514,Supply Chain Management,coursera
515,Supply And Demand,coursera
516,Software Engineering,coursera
517,Cost Estimation,coursera
518,Sprint Retrospectives,coursera
519,Performance Reporting,coursera
520,MySQL,coursera
521,Systems Of Measurement,coursera
522,Computer-Aided Design,coursera
523,API Design,coursera
524,Scripting,coursera
525,Financial Policy,coursera
526,Plan Execution,coursera
527,Technical Writing,coursera
528,Mobile Banking,coursera
529,Cyber Threat Hunting,coursera
530,Grafana,coursera
531,Content Development and Management,coursera
532,Demography,coursera
533,Business Requirements,coursera
534,Generally Accepted Accounting Principles (GAAP),coursera
535,Prototyping,coursera
536,Qualitative Research,coursera
537,Tableau Software,coursera
538,Trigonometry,coursera
539,Policy,coursera
540,Sales Process,coursera
541,Mental Health Therapies,coursera
542,GIS Software,coursera
543,Digital Communications,coursera
544,Logistics,coursera
545,Information Technology Architecture,coursera
546,Network Performance Management,coursera
547,Financial Systems,coursera
548,Cultural Diversity,coursera
549,General Ledger,coursera
550,Open Source Technology,coursera
551,Android (Operating System),coursera
552,Medical Terminology,coursera
553,Pharmaceuticals,coursera
554,NumPy,coursera
555,Sample Size Determination,coursera
556,Supply Chain Planning,coursera
557,Talent Pipelining,coursera
558,Kotlin,coursera
559,Google Workspace,coursera
560,Gerontology,coursera
561,Disaster Recovery,coursera
562,Combinatorics,coursera
563,Occupational Safety and Health Administration (OSHA),coursera
564,Profit and Loss (P&L) Management,coursera
565,Policy Analysis,coursera
566,Bayesian Network,coursera
567,Target Market,coursera
568,Risk Modeling,coursera
569,Project Performance,coursera
570,Futures Exchange,coursera
571,Engineering,coursera
572,Engineering Software,coursera
573,Tax Compliance,coursera
574,Materials Management,coursera
575,IT Service Management,coursera
576,Load Balancing,coursera
577,Booking (Sales),coursera
578,Market Opportunities,coursera
579,Team Leadership,coursera
580,Nursing Practices,coursera
581,Safety Culture,coursera
582,Environmental Monitoring,coursera
583,Persuasive Communication,coursera
584,Stakeholder Engagement,coursera
585,Prioritization,coursera
586,Network Troubleshooting,coursera
587,Microservices,coursera
588,Social Studies,coursera
589,Injury Prevention,coursera
590,Clinical Trials,coursera
591,Employee Retention,coursera
592,Accrual Accounting,coursera
593,Data Storytelling,coursera
594,Computerized Physician Order Entry,coursera
595,Authorization (Computing),coursera
596,International Finance,coursera
597,Back-End Web Development,coursera
598,General Science and Research,coursera
599,Quantitative Research,coursera
600,Civil Engineering,coursera
601,Data Quality,coursera
602,Economic Development,coursera
603,Retail Management,coursera
604,Query Languages,coursera
605,MySQL Workbench,coursera
606,Scatter Plots,coursera
607,Interactive Learning,coursera
608,Patient Coordination,coursera
609,Behavioral Health,coursera
610,Product Quality (QA/QC),coursera
611,Managed Services,coursera
612,Event-Driven Programming,coursera
613,Real Estate Sales,coursera
614,Newsletters,coursera
615,Generative AI,coursera
616,Business Valuation,coursera
617,and Facility Services,coursera
618,Data Access,coursera
619,Schematic Diagrams,coursera
620,Tensorflow,coursera
621,Media and Communications,coursera
622,Human Resources,coursera
623,Systems Administration,coursera
624,Trend Analysis,coursera
625,Python Programming,coursera
626,Grammar,coursera
627,Research and Design,coursera
628,Cultural Sensitivity,coursera
629,Specialized Accounting,coursera
630,Personalized Service,coursera
631,CI/CD,coursera
632,Stakeholder Communications,coursera
633,Infrastructure As A Service (IaaS),coursera
634,Simple Object Access Protocol (SOAP),coursera
635,Sales Management,coursera
636,Front-End Web Development,coursera
637,Integrated Development Environments,coursera
638,Puppet (Configuration Management Tool),coursera
639,Architectural Design,coursera
640,Strategic Sourcing,coursera
641,Product Management,coursera
642,Real Estate,coursera
643,Marketing Design,coursera
644,Intensive Care Medicine,coursera
645,Network Protocols,coursera
646,Design,coursera
647,Scientific Methods,coursera
648,Salesforce,coursera
649,and Logistics,coursera
650,Food Quality Assurance And Control,coursera
651,Marketing Materials,coursera
652,Hospitality Services,coursera
653,Android Development,coursera
654,C# (Programming Language),coursera
655,Educational Materials,coursera
656,Industrial Engineering,coursera
657,Anthropology,coursera
658,Merchant Services,coursera
659,Statistical Methods,coursera
660,Web Content Accessibility Guidelines,coursera
661,Motivational Interviewing,coursera
662,Packaging and Labeling,coursera
663,Supplier Performance Management,coursera
664,Cloud-Native Computing,coursera
665,Software Configuration Management,coursera
666,Patient Referral,coursera
667,Field-Programmable Gate Array (FPGA),coursera
668,Repair,coursera
669,Mathematical Modeling,coursera
670,Storytelling,coursera
671,Sales Tax,coursera
672,Practice Management Software,coursera
673,Investment Banking,coursera
674,Key Performance Indicators (KPIs),coursera
675,Demand Planning,coursera
676,HR Tech,coursera
677,Inventory Accounting,coursera
678,Adobe XD,coursera
679,Bidding,coursera
680,Data Structures,coursera
681,Cross Selling,coursera
682,Consumer Lending,coursera
683,Growth Strategies,coursera
684,Data Analysis,coursera
685,Cross-Functional Collaboration,coursera
686,QuickBooks (Accounting Software),coursera
687,Logo Design,coursera
688,Organizational Structure,coursera
689,Extract,coursera
690,Apache Airflow,coursera
691,Hibernate (Java),coursera
692,Risk Mitigation,coursera
693,Authentications,coursera
694,Writing,coursera
695,Project Management,coursera
696,React Redux,coursera
697,Web Content,coursera
698,Cloud Applications,coursera
699,Spring Framework,coursera
700,Android Studio,coursera
701,Data Integrity,coursera
702,Treatment Planning,coursera
703,Overcoming Obstacles,coursera
704,Compliance Auditing,coursera
705,Neonatal Intensive Care Unit,coursera
706,Apache Kafka,coursera
707,Network Architecture,coursera
708,Critical Thinking,coursera
709,Capacity Management,coursera
710,Rust (Programming Language),coursera
711,Process Improvement and Optimization,coursera
712,Open Mindset,coursera
713,Design Thinking,coursera
714,Financial Reporting,coursera
715,Surgery,coursera
716,Procurement,coursera
717,Continuous Integration,coursera
718,Structural Analysis,coursera
719,Unix Commands,coursera
720,Virtual Private Networks (VPN),coursera
721,Probability & Statistics,coursera
722,Model Based Systems Engineering,coursera
723,iOS Development,coursera
724,Engineering Practices,coursera
725,Client Services,coursera
726,Direct Marketing,coursera
727,Financial Forecasting,coursera
728,Test Driven Development (TDD),coursera
729,Presentations,coursera
730,Data Science,coursera
731,Communication Strategies,coursera
732,Market Data,coursera
733,Communication,coursera
734,Enterprise Resource Planning,coursera
735,Thought Leadership,coursera
736,De-escalation Techniques,coursera
737,Marketing Planning,coursera
738,Learning Styles,coursera
739,Business-To-Consumer,coursera
740,Code Coverage,coursera
741,Creative Design,coursera
742,Customer Service,coursera
743,Shiny (R Package),coursera
744,Behavioral Economics,coursera
745,Statistical Process Controls,coursera
746,Data Centers,coursera
747,Environment and Resource Management,coursera
748,Learning Strategies,coursera
749,Cloud API,coursera
750,Organizational Strategy,coursera
751,Social and Human Services,coursera
752,Payroll Reporting,coursera
753,Revenue Management,coursera
754,Operational Efficiency,coursera
755,Enterprise Risk Management (ERM),coursera
756,Leadership Development,coursera
757,Extensible Markup Language (XML),coursera
758,Health Assessment,coursera
759,Business Ethics,coursera
760,Critical Thinking and Problem Solving,coursera
761,ArcGIS,coursera
762,Advocacy,coursera
763,User Experience Design,coursera
764,Land Management,coursera
765,Risk Appetite,coursera
766,Statistical Inference,coursera
767,Empowerment,coursera
768,Relationship Building,coursera
769,Box Plots,coursera
770,Time Management,coursera
771,Securities Trading,coursera
772,Accounts Payable and Receivable,coursera
773,Trauma Care,coursera
774,System Programming,coursera
775,Software As A Service,coursera
776,Policy Development,coursera
777,Empathy,coursera
778,Marketing,coursera
779,Proxy Servers,coursera
780,Client Support,coursera
781,Build Tools,coursera
782,Lease Contracts,coursera
783,Dimensionality Reduction,coursera
784,Occupational Therapy,coursera
785,Amazon Elastic Compute Cloud,coursera
786,Policty Analysis,coursera
787,Meeting Facilitation,coursera
788,Program Evaluation,coursera
789,Team Building,coursera
790,Product Design,coursera
791,Human Resources Information System (HRIS),coursera
792,Data Visualization Software,coursera
793,Brand Management,coursera
794,Requirements Analysis,coursera
795,Adult Learning Principles,coursera
796,Medical Science and Research,coursera
797,Employee Engagement,coursera
798,SQL,coursera
799,Hospitality,coursera
800,Copywriting,coursera
801,Solution Delivery,coursera
802,Cost Control,coursera
803,Professionalism,coursera
804,Linux,coursera
805,Family Medicine,coursera
806,Figma (Design Software),coursera
807,Personal Care,coursera
808,Inside Sales,coursera
809,Visionary,coursera
810,Product Development,coursera
811,Media Strategy,coursera
812,Industrial and Organizational Psychology,coursera
813,Telecommuting,coursera
814,General Lending,coursera
815,Marketing Strategy and Techniques,coursera
816,Forecasting,coursera
817,Curriculum Planning,coursera
818,SAS (Software),coursera
819,Jira (Software),coursera
820,Loyalty Programs,coursera
821,Workday (Software),coursera
822,Business Operations,coursera
823,Technical Communication,coursera
824,Strategic Partnership,coursera
825,Complex Problem Solving,coursera
826,Plotly,coursera
827,Portfolio Management,coursera
828,Istio,coursera
829,Email Marketing,coursera
830,Leadership,coursera
831,Human Resources Management and Planning,coursera
832,Train The Trainer,coursera
833,Calendar Management,coursera
834,Service Level,coursera
835,Order Fulfillment,coursera
836,Heat Maps,coursera
837,Content Strategy,coursera
838,Sales Prospecting,coursera
839,Search Engine Optimization,coursera
840,Cyber Governance,coursera
841,Target Audience,coursera
842,Branding,coursera
843,Mergers & Acquisitions,coursera
844,Verbal Communication Skills,coursera
845,Management Training And Development,coursera
846,Diversity and Inclusion,coursera
847,Retail Store Operations,coursera
848,Budget Management,coursera
849,Structural Engineering,coursera
850,Request for Proposal,coursera
851,Graph Theory,coursera
852,Computational Logic,coursera
853,Media Production,coursera
854,Market Intelligence,coursera
855,Digital Assets,coursera
856,Food and Beverage,coursera
857,Augmented and Virtual Reality (AR/VR),coursera
858,Promotions and Campaigns,coursera
859,Supplier Management,coursera
860,Property and Real Estate,coursera
861,Software Systems,coursera
862,Security Strategy,coursera
863,Vibrations,coursera
864,Clinical Data Management,coursera
865,Project Planning,coursera
866,Marketing Communications,coursera
867,Content Marketing,coursera
868,Price Negotiation,coursera
869,Operations Research,coursera
870,Theoretical Computer Science,coursera
871,Microsoft Word,coursera
872,Construction Estimating,coursera
873,Agile Project Management,coursera
874,Backlogs,coursera
875,Cloud Security,coursera
876,Health And Safety Standards,coursera
877,IT Security Architecture,coursera
878,Event Planning,coursera
879,Cyber Operations,coursera
880,Object Oriented Design,coursera
881,Courage,coursera
882,Computer Science,coursera
883,Social Skills,coursera
884,Data Modeling,coursera
885,Emergency Medical Services,coursera
886,Web Development Tools,coursera
887,Positivity,coursera
888,Quality Management,coursera
889,Electocardiography,coursera
890,Mobile Security,coursera
891,Mitigation,coursera
892,Customer Retention,coursera
893,Customer Engagement,coursera
894,JSON,coursera
895,Action Oriented,coursera
896,Go (Programming Language),coursera
897,Pollution Prevention,coursera
898,Project Management Software,coursera
899,Microsoft 365,coursera
900,Server Administration,coursera
901,Knitr,coursera
902,Community Development,coursera
903,Apache Spark,coursera
904,Persona Development,coursera
905,Network Support,coursera
906,Differential Equations,coursera
907,Environmental Social And Corporate Governance (ESG),coursera
908,Human Factors,coursera
909,Data Entry,coursera
910,Applicant Tracking Systems,coursera
911,Adobe Photoshop,coursera
912,Strategic Marketing,coursera
913,Visual Impairment Education,coursera
914,Financial Regulations,coursera
915,Cloud Storage,coursera
916,Annual Reports,coursera
917,Android Jetpack,coursera
918,Data Compilation,coursera
919,Data Collection,coursera
920,Team Oriented,coursera
921,Matplotlib,coursera
922,Nursing and Patient Care,coursera
923,Data Warehousing,coursera
924,Waste Minimization,coursera
925,Purchasing,coursera
926,Quality Management Systems,coursera
927,Systems Analysis,coursera
928,Dependency Analysis,coursera
929,Literacy,coursera
930,Apple iOS,coursera
931,Tidyverse (R Package),coursera
932,Earned Value Management,coursera
933,Technical Analysis,coursera
934,Applied Mathematics,coursera
935,Problem Management,coursera
936,Exploratory Data Analysis,coursera
937,Discussion Facilitation,coursera
938,Triage,coursera
939,Billing & Invoicing,coursera
940,Human Computer Interaction,coursera
941,Reconciliation,coursera
942,Information Technology Infrastructure Library,coursera
943,Operating Cost,coursera
944,Detail Oriented,coursera
945,Security Awareness,coursera
946,Engineering Design Process,coursera
947,Financial Market,coursera
948,Business Leadership,coursera
949,Executive Presence,coursera
950,Program Development,coursera
951,Responsive Web Design,coursera
952,Natural Resource Management,coursera
953,Network Analysis,coursera
954,Accident Prevention,coursera
955,Application Specific Integrated Circuits,coursera
956,Long Term Care,coursera
957,Philanthropy,coursera
958,Java,coursera
959,Lean Six Sigma,coursera
960,Amazon Web Services,coursera
961,Application Development,coursera
962,Relational Databases,coursera
963,Spring Boot,coursera
964,IBM Cognos Analytics,coursera
965,Shell Script,coursera
966,Simulation and Simulation Software,coursera
967,Threat Modeling,coursera
968,Accounts Payable,coursera
969,Team Performance Management,coursera
970,Commercial Construction,coursera
971,Entrepreneurship,coursera
972,Logical Reasoning,coursera
973,Mechanical Design,coursera
974,Data Capture,coursera
975,Amazon CloudWatch,coursera
976,Employee Performance Management,coursera
977,Visual Basic (Programming Language),coursera
978,Innovation,coursera
979,Tax Returns,coursera
980,Linear Algebra,coursera
981,Devops Tools,coursera
982,Security Information and Event Management (SIEM),coursera
983,Technology Roadmaps,coursera
984,Proofreading,coursera
985,Strategic Communication,coursera
986,Advanced Cardiovascular Life Support (ACLS) Certification,coursera
987,Excel Macros,coursera
988,Financial Statements,coursera
989,Test Case,coursera
990,Medical Records,coursera
991,and Development,coursera
992,Partnership Accounting,coursera
993,Agile Product Development,coursera
994,Image Analysis,coursera
995,PostgreSQL,coursera
996,Product Improvement,coursera
997,Semiconductors,coursera
998,and Studies,coursera
999,Estimation,coursera
1000,Predictive Modeling,coursera
1001,Graphic Design,coursera
1002,Internal Controls,coursera
1003,Game Theory,coursera
1004,Construction Management,coursera
1005,Dynamic Host Configuration Protocol (DHCP),coursera
1006,Transportation,coursera
1007,Financial Auditing,coursera
1008,Tax Preparation,coursera
1009,User Story,coursera
1010,Customer Acquisition Management,coursera
1011,Building Information Modeling,coursera
1012,Ad Hoc Reporting,coursera
1013,Asset Protection,coursera
1014,Mockups,coursera
1015,Retail Sales,coursera
1016,Vital Signs,coursera
1017,Overcoming Objections,coursera
1018,Persistence,coursera
1019,Benchmarking,coursera
1020,Coaching,coursera
1021,Lesson Planning,coursera
1022,Transform,coursera
1023,Jenkins,coursera
1024,Software Installation,coursera
1025,Enterprise Security,coursera
1026,Load,coursera
1027,Survey Creation,coursera
1028,Program Management,coursera
1029,Systems Architecture,coursera
1030,Financial Accounting,coursera
1031,Scalability,coursera
1032,Cloud Services,coursera
1033,Arithmetic,coursera
1034,Patient Flow,coursera
1035,Cyber Security Strategy,coursera
1036,Infographics,coursera
1037,Development Environment,coursera
1038,Competitive Intelligence,coursera
1039,Management Reporting,coursera
1040,Marketing Strategies,coursera
1041,Hardening,coursera
1042,Web Services,coursera
1043,Project Controls,coursera
1044,Fixed Asset,coursera
1045,Safety Training,coursera
1046,Google Docs,coursera
1047,Vendor Management,coursera
1048,Securities (Finance),coursera
1049,Key Management,coursera
1050,Office Management,coursera
1051,Google Cloud Platform,coursera
1052,Event Management,coursera
1053,C (Programming Language),coursera
1054,Staff Management,coursera
1055,Good Manufacturing Practices,coursera
1056,Labor Relations,coursera
1057,Fundraising,coursera
1058,Event Monitoring,coursera
1059,Post-Production,coursera
1060,Systems Integration,coursera
1061,Decision Tree Learning,coursera
1062,Database Theory,coursera
1063,Performance Management,coursera
1064,Financial Planning,coursera
1065,Milestones (Project Management),coursera
1066,Autodesk Revit,coursera
1067,Talent Management,coursera
1068,Cybersecurity,coursera
1069,Cyber Threat Intelligence,coursera
1070,Information Privacy,coursera
1071,System Requirements,coursera
1072,Consulting,coursera
1073,Commercialization,coursera
1074,Health Care Administration,coursera
1075,Product Strategy,coursera
1076,Software Development Methodologies,coursera
1077,.NET Framework,coursera
1078,Help Desk Support,coursera
1079,Property Accounting,coursera
1080,Payroll,coursera
1081,Scaled Agile Framework,coursera
1082,Google Analytics,coursera
1083,Administrative Support,coursera
1084,Threat Detection,coursera
1085,Emergency Medicine,coursera
1086,Unsupervised Learning,coursera
1087,Integral Calculus,coursera
1088,Child Welfare,coursera
1089,Focus Group,coursera
1090,Business Writing,coursera
1091,Instructing,coursera
1092,Self-Motivation,coursera
1093,Kubernetes,coursera
1094,Resource Planning,coursera
1095,Acute Care,coursera
1096,Teaching,coursera
1097,Facility Management,coursera
1098,Capital Budgeting,coursera
1099,Regulation and Legal Compliance,coursera
1100,Power BI,coursera
1101,NoSQL,coursera
1102,Regulatory Requirements,coursera
1103,Real Time Data,coursera
1104,Patient Assistance,coursera
1105,Metadata Management,coursera
1106,Browser Compatibility,coursera
1107,Document Management,coursera
1108,Value Propositions,coursera
1109,E-Commerce,coursera
1110,Caregiving,coursera
1111,Cloud Management,coursera
1112,AWS SageMaker,coursera
1113,Human Resource Strategy,coursera
1114,Learning Theory,coursera
1115,Internal Medicine,coursera
1116,Web Design and Development,coursera
1117,Teamwork,coursera
1118,Software Development,coursera
1119,Tree Maps,coursera
1120,Data Architecture,coursera
1121,Restful API,coursera
1122,Graphic and Visual Design,coursera
1123,Computer Hardware,coursera
1124,Goal Setting,coursera
1125,Credit/Debit Card Processing,coursera
1126,Tax,coursera
1127,Apple Xcode,coursera
1128,Independent Thinking,coursera
1129,Data Governance,coursera
1130,Developing Training Materials,coursera
1131,Computer Systems,coursera
1132,Aesthetics,coursera
1133,Oracle Databases,coursera
1134,Containerization,coursera
1135,Problem Solving,coursera
1136,Vulnerability Management,coursera
1137,Patch Management,coursera
1138,People Management,coursera
1139,Sales Support,coursera
1140,Google Sheets,coursera
1141,General Networking,coursera
1142,Business Process Modeling,coursera
1143,Vulnerability Scanning,coursera
1144,Business Systems Analysis,coursera
1145,Office Administration,coursera
1146,Formal Learning,coursera
1147,Information Assurance,coursera
1148,Benefits Administration,coursera
1149,Flask (Web Framework),coursera
1150,GitHub,coursera
1151,Web Scraping,coursera
1152,Social Justice,coursera
1153,ChatGPT,coursera
1154,Persona (User Experience),coursera
1155,Engineering Management,coursera
1156,Ideation,coursera
1157,Routing Protocols,coursera
1158,Environmental Management Systems,coursera
1159,IBM DB2,coursera
1160,Talent Sourcing,coursera
1161,Artificial Neural Networks,coursera
1162,Thermal Management,coursera
1163,Infrastructure Architecture,coursera
1164,Dashboard,coursera
1165,Correlation Analysis,coursera
1166,Public Administration,coursera
1167,Process Improvement,coursera
1168,Business Correspondence,coursera
1169,Banking,coursera
1170,Business Solutions,coursera
1171,Reinforcement Learning,coursera
1172,Virtual Reality,coursera
1173,Cross Platform Development,coursera
1174,Jest (JavaScript Testing Framework),coursera
1175,Mental Concentration,coursera
1176,Advertising Campaigns,coursera
1177,Business Metrics,coursera
1178,Matlab,coursera
1179,Workforce Development,coursera
1180,Global Marketing,coursera
1181,AWS CloudFormation,coursera
1182,Asset Management,coursera
1183,Job Analysis,coursera
1184,Unstructured Data,coursera
1185,Servers,coursera
1186,Customer Relationship Management (CRM) Software,coursera
1187,Management Accounting,coursera
1188,Concision,coursera
1189,Security Controls,coursera
1190,Journalism,coursera
1191,IBM Cloud,coursera
1192,TCP/IP,coursera
1193,Resource Management,coursera
1194,Financial Modeling,coursera
1195,Electrical and Computer Engineering,coursera
1196,Higher Education,coursera
1197,Debugging,coursera
1198,User Experience,coursera
1199,Business Process Management,coursera
1200,Alteryx,coursera
1201,Algorithms,coursera
1202,Compassion,coursera
1203,Markov Model,coursera
1204,Wireless Networks,coursera
1205,Emerging Technologies,coursera
1206,Incident Response,coursera
1207,Proposal Development,coursera
1208,AutoCAD Civil 3D,coursera
1209,Strategic Planning,coursera
1210,Manufacturing Operations,coursera
1211,Computer Engineering,coursera
1212,Timelines,coursera
1213,Cost Benefit Analysis,coursera
1214,PyTorch (Machine Learning Library),coursera
1215,Hypertext Markup Language (HTML),coursera
1216,Data Mining,coursera
1217,System Monitoring,coursera
1218,OSI Models,coursera
1219,Graphic and Visual Design Software,coursera
1220,Hardware Architecture,coursera
1221,Warehouse Management,coursera
1222,Engineering Documentation,coursera
1223,Clinical Psychology,coursera
1224,Architecture and Construction,coursera
1225,Technical Management,coursera
1226,Analysis,coursera
1227,MongoDB,coursera
1228,Data Analysis Expressions (DAX),coursera
1229,Contract Negotiation,coursera
1230,System Support,coursera
1231,Technical Design,coursera
1232,Patient Safety,coursera
1233,Bash (Scripting Language),coursera
1234,Science and Research,coursera
1235,Marketing and Public Relations,coursera
1236,Research Reports,coursera
1237,Ability To Meet Deadlines,coursera
1238,Sales Development,coursera
1239,Functional Requirement,coursera
1240,Compensation Analysis,coursera
1241,Cooperation,coursera
1242,Project Management Life Cycle,coursera
1243,Interviewing Skills,coursera
1244,Computer Displays,coursera
1245,Education and Training,coursera
1246,Governance Risk Management and Compliance,coursera
1247,Amazon DynamoDB,coursera
1248,Service Oriented Architecture,coursera
1249,Product Roadmaps,coursera
1250,Time Series Analysis and Forecasting,coursera
1251,Business Economics,coursera
1252,Application Deployment,coursera
1253,Hazard Communication (HazCom),coursera
1254,UI/UX Strategy,coursera
1255,Billing Systems,coursera
1256,Regression Analysis,coursera
1257,Public Cloud,coursera
1258,Performance Tuning,coursera
1259,Food Safety and Sanitation,coursera
1260,Healthcare Industry Knowledge,coursera
1261,C++ (Programming Language),coursera
1262,Adobe InDesign,coursera
1263,Go To Market Strategy,coursera
1264,Patient Registration,coursera
1265,Data Loss Prevention,coursera
1266,Market Research,coursera
1267,Software Development Life Cycle,coursera
1268,Business Relationship Management,coursera
1269,Software Testing,coursera
1270,Intelligence Collection and Analysis,coursera
1271,Product Lifecycle Management,coursera
1272,Business Strategies,coursera
1273,Working Capital,coursera
1274,Positive Behavior Support,coursera
1275,Big Data,coursera
1276,Cyber Security Assessment,coursera
1277,User Accounts,coursera
1278,Cyber Security Policies,coursera
1279,Distributed Denial-Of-Service (DDoS) Attacks,coursera
1280,Looker (Software),coursera
1281,API Gateway,coursera
1282,Health Care Procedure and Regulation,coursera
1283,Advanced Analytics,coursera
1284,Kanban Principles,coursera
1285,Project Schedules,coursera
1286,Lifelong Learning,coursera
1287,OAuth,coursera
1288,Medical Emergency,coursera
1289,Creativity,coursera
1290,Calculus,coursera
1291,Environmental Policy,coursera
1292,Production Process,coursera
1293,Unix,coursera
1294,JUnit,coursera
1295,Project Management Office (PMO),coursera
1296,OS Process Management,coursera
1297,Data Analysis Software,coursera
1298,Product Demonstration,coursera
1299,Operations Management,coursera
1300,Gap Analysis,coursera
1301,Social Sciences,coursera
1302,Information Technology,coursera
1303,Cloud Development,coursera
1304,Pedagogy,coursera
1305,Resource Allocation,coursera
1306,Sales Operations,coursera
1307,Electronic Medical Record,coursera
1308,Scientific Visualization,coursera
1309,Virtual Machines,coursera
1310,Penetration Testing,coursera
1311,Advanced Mathematics,coursera
1312,Histogram,coursera
1313,Cloud Computing,coursera
1314,Design Software,coursera
1315,Health Information Management and Medical Records,coursera
1316,Operating Systems,coursera
1317,Mechanical Engineering,coursera
1318,Data Presentation,coursera
1319,Human Centered Design,coursera
1320,Systems Development Life Cycle,coursera
1321,Vendor Contracts,coursera
1322,Microsoft Visio,coursera
1323,Culture Transformation,coursera
1324,Security Testing,coursera
1325,High Voltage,coursera
1326,Customer Support,coursera
1327,Brand Strategy,coursera
1328,Investment Management,coursera
1329,SAP Applications,coursera
1330,Failure Analysis,coursera
1331,Linux Servers,coursera
1332,IT Automation,coursera
1333,Business Strategy,coursera
1334,Information Architecture,coursera
1335,Interpersonal Communications,coursera
1336,Pivot Tables And Charts,coursera
1337,Safety Audits,coursera
1338,Supply Management,coursera
1339,Communication Planning,coursera
1340,Capital Expenditure,coursera
1341,Flutter (Software),coursera
1342,Network Model,coursera
1343,React.js,coursera
1344,User Feedback,coursera
1345,Organizational Leadership,coursera
1346,Business Management,coursera
1347,Active Directory,coursera
1348,Statistical Programming,coursera
1349,Risk Management,coursera
1350,Needs Assessment,coursera
1351,Data Synthesis,coursera
1352,Brand Awareness,coursera
1353,Facebook,coursera
1354,Natural Language Processing,coursera
1355,Accruals,coursera
1356,Internet Of Things,coursera
1357,Real Estate Transactions,coursera
1358,Finite Element Methods,coursera
1359,Sprint Planning,coursera
1360,Object-Relational Mapping,coursera
1361,Data Management,coursera
1362,Press Releases,coursera
1363,Risk Control,coursera
1364,Test Automation,coursera
1365,Process Control,coursera
1366,Data Mart,coursera
1367,Database Management,coursera
1368,Multitasking,coursera
1369,Student Engagement,coursera
1370,Performance Testing,coursera
1371,Performance Measurement,coursera
1372,Financial Regulation,coursera
1373,Customer Insights,coursera
1374,Market Dynamics,coursera
1375,Configuration Management,coursera
1376,Planning,coursera
1377,Corporate Communications,coursera
1378,Customer Demand Planning,coursera
1379,Descriptive Analytics,coursera
1380,User Requirements Documents,coursera
1381,Writing and Editing,coursera
1382,Business Mathematics,coursera
1383,Resilience,coursera
1384,Rapport Building,coursera
1385,Desktop Support,coursera
1386,3D Modeling,coursera
1387,Product Knowledge,coursera
1388,Systems Development,coursera
1389,Predictive Analytics,coursera
1390,Design and Product,coursera
1391,Health Systems,coursera
1392,Optimism,coursera
1393,Anomaly Detection,coursera
1394,Java Programming,coursera
1395,Hardware Design,coursera
1396,Data Maintenance,coursera
1397,Statistical Analysis,coursera
1398,Automated External Defibrillator,coursera
1399,Clinical Leadership,coursera
1400,Email Security,coursera
1401,Anatomy,coursera
1402,Spatial Analysis,coursera
1403,Application Security,coursera
1404,Willingness To Learn,coursera
1405,Human Development,coursera
1406,Model View Controller,coursera
1407,Platform As A Service (PaaS),coursera
1408,Supply Chain Systems,coursera
1409,Process Design,coursera
1410,Object Oriented Programming (OOP),coursera
1411,Star Schema,coursera
1412,OpenAI,coursera
1413,Project Coordination,coursera
1414,Shipping and Receiving,coursera
1415,Return On Investment,coursera
1416,JavaScript Frameworks,coursera
1417,Business Transformation,coursera
1418,Performance Improvement,coursera
1419,Infectious Diseases,coursera
1420,Data Storage,coursera
1421,Continuous Monitoring,coursera
1422,Design Specifications,coursera
1423,Balance Sheet,coursera
1424,Service Improvement,coursera
1425,Work Breakdown Structure,coursera
1426,User Provisioning,coursera
1427,Systems Engineering,coursera
1428,Javascript and jQuery,coursera
1429,Income Statement,coursera
1430,Event Marketing,coursera
1431,Course Development,coursera
1432,New Business Development,coursera
1433,System Testing,coursera
1434,HTML and CSS,coursera
1435,Geospatial Information and Technology,coursera
1436,Leadership Studies,coursera
1437,General Accounting,coursera
1438,Product Testing,coursera
1439,Change Control,coursera
1440,Negotiation,coursera
1441,Electronic Systems,coursera
1442,Corporate Sustainability,coursera
1443,Data Processing,coursera
1444,Visual Design,coursera
1445,International Relations,coursera
1446,Compliance Reporting,coursera
1447,Production Planning,coursera
1448,Risk Management Framework,coursera
1449,Statistical Hypothesis Testing,coursera
1450,End User Training and Support,coursera
1451,Command-Line Interface,coursera
1452,Equities,coursera
1453,Industrial Design,coursera
1454,Scripting Languages,coursera
1455,Global Positioning Systems,coursera
1456,Performance Appraisal,coursera
1457,Application Performance Management,coursera
1458,Data Pipelines,coursera
1459,Network Routing,coursera
1460,Employee Training,coursera
1461,Medicare,coursera
1462,Emotional Intelligence,coursera
1463,Software Documentation,coursera
1464,Process Optimization,coursera
1465,Collaboration,coursera
1466,Language Learning,coursera
1467,Talent Acquisition,coursera
1468,Mental Health,coursera
1469,Human Learning,coursera
1470,Spatial Data Analysis,coursera
1471,PySpark,coursera
1472,Process Mapping,coursera
1473,Design Reviews,coursera
1474,Agile Methodology,coursera
1475,Business Workflow Analysis,coursera
1476,Apache Hadoop,coursera
1477,Project Scoping,coursera
1478,Organizational Change,coursera
1479,Database Administration,coursera
1480,Data Transformation,coursera
1481,Transportation Operations,coursera
1482,Public Safety and National Security,coursera
1483,Operational Performance Management,coursera
1484,Experimentation,coursera
1485,Network Security,coursera
1486,Budgeting,coursera
1487,Eclipse (Software),coursera
1488,Strategic Leadership,coursera
1489,Market Liquidity,coursera
1490,Project Design,coursera
1491,Machine Learning Algorithms,coursera
1492,Professional Networking,coursera
1493,Self-Discipline,coursera
1494,Computing Platforms,coursera
1495,Microsoft Windows,coursera
1496,Media Relations,coursera
1497,Project Finance,coursera
1498,Adobe Illustrator,coursera
1499,Geographic Information Systems,coursera
1500,Stata,coursera
1501,Style Guides,coursera
1502,Operational Analysis,coursera
1503,Network Planning And Design,coursera
1504,First Aid,coursera
1505,Entrepreneurial Finance,coursera
1506,Spreadsheet Software,coursera
1507,Setting Appointments,coursera
1508,Business Modeling,coursera
1509,Statistical Machine Learning,coursera
1510,Ansible,coursera
1511,File Management,coursera
1512,Financial Analysis,coursera
1513,Data Encryption Standard,coursera
1514,Personally Identifiable Information,coursera
1515,On-The-Job Training,coursera
1516,Blended Learning,coursera
1517,Deductive Reasoning,coursera
1518,Database Design,coursera
1519,Full-Stack Web Development,coursera
1520,Personal Development,coursera
1521,Contingency Planning,coursera
1522,Distributed Computing,coursera
1523,Law,coursera
1524,FinTech,coursera
1525,Risk Analysis,coursera
1526,Linux Administration,coursera
1527,Credit Risk,coursera
1528,Databricks,coursera
1529,Fiscal Management,coursera
1530,Design Elements And Principles,coursera
1531,Data Mapping,coursera
1532,Environmental Issue,coursera
1533,Tax Laws,coursera
1534,Safety Assurance,coursera
1535,Regulatory Compliance,coursera
1536,Unified Modeling Language,coursera
1537,Algebra,coursera
1538,Building Design,coursera
1539,Merchandising,coursera
1540,Quality Assurance,coursera
1541,Editing,coursera
1542,Employee Onboarding,coursera
1543,Embedded Software,coursera
1544,Competitive Analysis,coursera
1545,Machine Controls,coursera
1546,Fundraising and Crowdsourcing,coursera
1547,Non-Verbal Communication,coursera
1548,Webpack,coursera
1549,Supply Chain,coursera
1550,Diversity Awareness,coursera
1551,Intercultural Competence,coursera
1552,Expense Reports,coursera
1553,Performance Review,coursera
1554,Identity and Access Management,coursera
1555,MLOps (Machine Learning Operations),coursera
1556,Automation,coursera
1557,Tax Planning,coursera
1558,Instructional and Curriculum Design,coursera
1559,LinkedIn,coursera
1560,Leaflet (Software),coursera
1561,Patience,coursera
1562,Solution Architecture,coursera
1563,Administration,coursera
1564,Probability Distribution,coursera
1565,Keras (Neural Network Library),coursera
1566,Analytics,coursera
1567,Organizational Effectiveness,coursera
1568,Technical Support and Services,coursera
1569,Corporate Finance,coursera
1570,Public Key Cryptography Standards (PKCS),coursera
1571,Azure Active Directory,coursera
1572,Experience Design,coursera
1573,Unix Shell,coursera
1574,Electrical Safety,coursera
1575,Stress Management,coursera
1576,Campaign Management,coursera
1577,Visualization (Computer Graphics),coursera
1578,Apache Cassandra,coursera
1579,Employee Coaching,coursera
1580,Depreciation,coursera
1581,Random Forest Algorithm,coursera
1582,Scrum (Software Development),coursera
1583,Medical Management,coursera
1584,Machine Learning Methods,coursera
1585,Company,coursera
1586,Diversity Programs,coursera
1587,Payment Systems,coursera
1588,Digital Marketing,coursera
1589,Telemarketing,coursera
1590,Software Technical Review,coursera
1591,Strategic Decision-Making,coursera
1592,Relationship Management,coursera
1593,Statistical Software,coursera
1594,Microsoft Power Automate/Flow,coursera
1595,Compensation Strategy,coursera
1596,Business Analysis,coursera
1597,Product,coursera
1598,Sales Enablement,coursera
1599,Ggplot2,coursera
1600,User Centered Design,coursera
1601,Process Engineering,coursera
1602,General Mathematics,coursera
1603,Nursing,coursera
1604,Database Development,coursera
1605,Microsoft Power Platform,coursera
1606,Bayesian Statistics,coursera
1607,Resourcefulness,coursera
1608,User Interface and User Experience (UI/UX) Design,coursera
1609,Clinical Experience,coursera
1610,Hospice,coursera
1611,Guest Relations,coursera
1612,Wealth Management,coursera
1613,Electrical Engineering,coursera
1614,Incident Management,coursera
1615,Multimedia,coursera
1616,Package and Software Management,coursera
1617,Criminal Investigation and Forensics,coursera
1618,Basic Electrical Systems,coursera
1619,Scala Programming,coursera
1620,Business Administration,coursera
1621,Showrooms,coursera
1622,Social Media Strategy,coursera
1623,Computer Security Awareness Training,coursera
1624,Sales Training,coursera
1625,Jupyter,coursera
1626,Equipment Design,coursera
1627,Databases,coursera
1628,R Programming,coursera
1629,Data Manipulation,coursera
1630,General Shipping and Receiving,coursera
1631,Point of Sale,coursera
1632,Excel Formulas,coursera
1633,Creative Thinking,coursera
1634,Disabilities,coursera
1635,Curiosity,coursera
1636,Windows Servers,coursera
1637,Advanced Encryption Standard (AES),coursera
1638,Database Management Systems,coursera
1639,Personal Attributes,coursera
1640,Database Architecture and Administration,coursera
1641,Practice Management,coursera
1642,Encryption,coursera
1643,Data-Driven Decision-Making,coursera
1644,Machine Learning,coursera
1645,Computer Graphics,coursera
1646,Malware Protection,coursera
1647,Autodesk,coursera
1648,Machine Learning Software,coursera
1649,Computer Vision,coursera
1650,Marketing Automation,coursera
1651,Brand Marketing,coursera
1652,Programming Principles,coursera
1653,Marketing Management,coursera
1654,Medication Administration,coursera
1655,Mathematical Theory & Analysis,coursera
1656,Team Management,coursera
1657,Product Requirements,coursera
1658,Typography,coursera
1659,Product Planning,coursera
1660,User Interface (UI) Design,coursera
1661,UI Components,coursera
1662,Marketing Analytics,coursera
1663,Mechanics,coursera
1664,Seaborn,coursera
1665,Role-Based Access Control (RBAC),coursera
1666,Private Equity,coursera
1667,Requirements Management,coursera
1668,AWS Kinesis,coursera
1669,Liberal Arts,coursera
1670,Socioeconomics,coursera
1671,Digital Publishing,coursera
1672,Job Evaluation,coursera
1673,Primary Care,coursera
1674,Business Process,coursera
1675,System Implementation,coursera
1676,Capital Markets,coursera
1677,Closing (Sales),coursera
1678,Data Security,coursera
1679,Self-Awareness,coursera
1680,Social Media Content,coursera
1681,Sampling (Statistics),coursera
1682,Verification And Validation,coursera
1683,Financial Management,coursera
1684,Active Listening,coursera
1685,Instagram,coursera
1686,Labor Law,coursera
1687,Regulatory Affairs,coursera
1688,Public Affairs,coursera
1689,Succession Planning,coursera
1690,Patient Treatment,coursera
1691,Environment Health And Safety,coursera
1692,Life Sciences,coursera
1693,Crisis Intervention,coursera
1694,Computer Networking,coursera
1695,Technology Strategies,coursera
1696,Data Wrangling,coursera
1697,Strategic Thinking,coursera
1698,Recruitment Strategies,coursera
1699,Software Design,coursera
